title,source,score,url,date
Federal Reserve’s Barr says AI is feeding inflation before it fixes it,crypto briefing,-1.0,https://cryptobriefing.com/fed-barr-ai-inflation-rate-hike-2026/,2026-09-29
"US 30-year Treasury yield tops 5.6%, reaching highest level since 2002",the times of india,-1.0,https://economictimes.indiatimes.com/markets/us-stocks/wall-street-guide/us-30-year-treasury-yield-tops-5-6-reaching-highest-level-since-2002/articleshow/134570770.cms,2026-09-29
Federal Reserve’s Bowman warns banks on AI cybersecurity risks and benefits,crypto briefing,-1.0,https://cryptobriefing.com/fed-bowman-ai-cybersecurity-banks/,2026-09-29
Debt mutual funds: Axis MF suggests where to invest as RBI may raise rates by 50-75 bps over next 6 months,livemint,-1.0,https://www.livemint.com/money/personal-finance/debt-mutual-funds-axis-mf-suggests-where-to-invest-as-rbi-may-raise-rates-by-50-75-bps-over-the-next-6-months-11790687379154.html,2026-09-29
FG begins academic activities at Enugu fed tech college,the punch,-1.0,https://punchng.com/fg-begins-academic-activities-at-enugu-fed-tech-college/,2026-09-29
"Jigawa fed varsity gets NUC approval for AI, 29 other new programmes",the punch,-1.0,https://punchng.com/jigawa-fed-varsity-gets-nuc-approval-for-ai-29-other-new-programmes/,2026-09-29
Treasury yields move lower as inflation concerns persist,cnbc,-1.0,https://www.cnbc.com/2026/09/29/treasury-yields-bonds.html,2026-09-29
"KOSPI Falls for Second Day as Foreign Selling and Soaring US Treasury Yields Keep Seoul Stocks Below 7,000",ibtimes.com.au,-1.0,https://www.ibtimes.com.au/south-korean-stocks-fall-foreign-selling-us-yields-1876039,2026-09-29
What Is the Federal Bond Market Really?,nakedcapitalism.com,-1.0,https://www.nakedcapitalism.com/2026/09/what-is-the-federal-bond-market-really.html,2026-09-29
"Bitcoin holds $83,000 as ZEC drops 12% and oil climbs again",coindesk,-1.0,https://www.coindesk.com/markets/2026/09/29/bitcoin-holds-usd83-000-as-zec-drops-12-and-oil-climbs-again,2026-09-29
